person_id,movie_id,name,title
914612,2771200,Emma Watson,Beauty and the Beast
1405398,2771200,Dan Stevens,Beauty and the Beast
1812656,2771200,Luke Evans,Beauty and the Beast
1265802,2771200,Josh Gad,Beauty and the Beast
914612,4005402,Emma Watson,Colonia
117709,4005402,Daniel Brühl,Colonia
638824,4005402,Michael Nyqvist,Colonia
137028,4005402,Richenda Carey,Colonia
447905,1781796,Andy Kennedy,"Creating the World of Harry Potter, Part 4: Sound and Music"
914612,1781796,Emma Watson,"Creating the World of Harry Potter, Part 4: Sound and Music"
705356,1781796,Daniel Radcliffe,"Creating the World of Harry Potter, Part 4: Sound and Music"
382268,1781796,David Heyman,"Creating the World of Harry Potter, Part 4: Sound and Music"
5042,1781796,Jason Isaacs,"Creating the World of Harry Potter, Part 4: Sound and Music"
2354,1781796,John Williams,"Creating the World of Harry Potter, Part 4: Sound and Music"
236462,1781796,Patrick Doyle,"Creating the World of Harry Potter, Part 4: Sound and Music"
705356,295297,Daniel Radcliffe,Harry Potter and the Chamber of Secrets
342488,295297,Rupert Grint,Harry Potter and the Chamber of Secrets
914612,295297,Emma Watson,Harry Potter and the Chamber of Secrets
1321,295297,Richard Harris,Harry Potter and the Chamber of Secrets
705356,926084,Daniel Radcliffe,Harry Potter and the Deathly Hallows: Part 1
914612,926084,Emma Watson,Harry Potter and the Deathly Hallows: Part 1
342488,926084,Rupert Grint,Harry Potter and the Deathly Hallows: Part 1
631490,926084,Bill Nighy,Harry Potter and the Deathly Hallows: Part 1
705356,1201607,Daniel Radcliffe,Harry Potter and the Deathly Hallows: Part 2
914612,1201607,Emma Watson,Harry Potter and the Deathly Hallows: Part 2
342488,1201607,Rupert Grint,Harry Potter and the Deathly Hallows: Part 2
2091,1201607,Michael Gambon,Harry Potter and the Deathly Hallows: Part 2
705356,330373,Daniel Radcliffe,Harry Potter and the Goblet of Fire
914612,330373,Emma Watson,Harry Potter and the Goblet of Fire
342488,330373,Rupert Grint,Harry Potter and the Goblet of Fire
843059,330373,Eric Sykes,Harry Potter and the Goblet of Fire
705356,417741,Daniel Radcliffe,Harry Potter and the Half-Blood Prince
914612,417741,Emma Watson,Harry Potter and the Half-Blood Prince
342488,417741,Rupert Grint,Harry Potter and the Half-Blood Prince
2091,417741,Michael Gambon,Harry Potter and the Half-Blood Prince
705356,373889,Daniel Radcliffe,Harry Potter and the Order of the Phoenix
914612,373889,Emma Watson,Harry Potter and the Order of the Phoenix
342488,373889,Rupert Grint,Harry Potter and the Order of the Phoenix
322407,373889,Brendan Gleeson,Harry Potter and the Order of the Phoenix
705356,304141,Daniel Radcliffe,Harry Potter and the Prisoner of Azkaban
914612,304141,Emma Watson,Harry Potter and the Prisoner of Azkaban
342488,304141,Rupert Grint,Harry Potter and the Prisoner of Azkaban
6073955,304141,Florence Pugh,Harry Potter and the Prisoner of Azkaban
6073955,3281548,Florence Pugh,Little Women
3154303,3281548,Timothée Chalamet,Little Women
658,3281548,Meryl Streep,Little Women
658,1959490,Meryl Streep,Noah
124,1959490,Jennifer Connelly,Noah
164,1959490,Anthony Hopkins,Noah
164,3319920,Anthony Hopkins,Regression
667,3319920,David Thewlis,Regression
225460,3319920,Dale Dickey,Regression
225460,2132285,Dale Dickey,The Bling Ring
3441152,2132285,Israel Broussard,The Bling Ring
4903197,2132285,Claire Julien,The Bling Ring
914612,4287320,Emma Watson,The Circle
158,4287320,Tom Hanks,The Circle
3915784,4287320,John Boyega,The Circle
1294664,4287320,Ellar Coltrane,The Circle
503567,1659337,Logan Lerman,The Perks of Being a Wallflower
914612,1659337,Emma Watson,The Perks of Being a Wallflower
3009232,1659337,Ezra Miller,The Perks of Being a Wallflower
748620,1659337,Paul Rudd,The Perks of Being a Wallflower
111,420238,Matthew Broderick,The Tale of Despereaux
914612,420238,Emma Watson,The Tale of Despereaux
163,420238,Dustin Hoffman,The Tale of Despereaux
1808,420238,Tracey Ullman,The Tale of Despereaux
